{"_default": {"1": {"name": "Ganesha", "toloc": "Canada", "gender": "male", "age": "28", "flightdate": "2016-08-18", "flightname": "Air Canada", "fromloc": "India"}, "2": {"name": "Om", "toloc": "Jannat", "gender": "male", "age": "50", "flightdate": "2016-07-17", "flightname": "Om Airlines", "fromloc": "Dharti"}, "3": {"name": "abc", "toloc": "USA", "gender": "male", "age": "20", "flightdate": "2016-11-26", "flightname": "abc", "fromloc": "Canada"}, "4": {"name": "nm", "toloc": "pond", "gender": "male", "age": "22", "flightdate": "2016-07-07", "flightname": "nm", "fromloc": "p"}, "5": {"name": "xyz", "toloc": "France", "gender": "male", "age": "30", "flightdate": "2016-07-05", "flightname": "Air France", "fromloc": "Italy"}, "6": {"name": "", "toloc": "", "gender": "male", "age": "", "flightdate": "", "flightname": "", "fromloc": ""}, "7": {"name": "", "toloc": "", "gender": "male", "age": "", "flightdate": "", "flightname": "", "fromloc": ""}, "8": {"name": "hello", "toloc": "xx", "gender": "male", "age": "gh", "flightdate": "2016-07-12", "flightname": "hg", "fromloc": "aa"}, "9": {"name": "hello", "toloc": "xx", "gender": "male", "age": "gh", "flightdate": "2016-07-12", "flightname": "hg", "fromloc": "aa"}, "10": {"name": "hello", "toloc": "xx", "gender": "male", "age": "gh", "flightdate": "2016-07-12", "flightname": "hg", "fromloc": "aa"}, "11": {"name": "hello", "toloc": "xx", "gender": "male", "age": "gh", "flightdate": "2016-07-12", "flightname": "hg", "fromloc": "aa"}, "12": {"name": "hello", "toloc": "xx", "gender": "male", "age": "gh", "flightdate": "2016-07-12", "flightname": "hg", "fromloc": "aa"}, "13": {"name": "hello", "toloc": "xx", "gender": "male", "age": "gh", "flightdate": "2016-07-12", "flightname": "hg", "fromloc": "aa"}, "14": {"name": "hello", "toloc": "xx", "gender": "male", "age": "gh", "flightdate": "2016-07-12", "flightname": "hg", "fromloc": "aa"}, "15": {"name": "hello", "toloc": "xx", "gender": "male", "age": "gh", "flightdate": "2016-07-12", "flightname": "hg", "fromloc": "aa"}, "16": {"name": "hello", "toloc": "xx", "gender": "male", "age": "gh", "flightdate": "2016-07-12", "flightname": "hg", "fromloc": "aa"}, "17": {"name": "hello", "toloc": "xx", "gender": "male", "age": "gh", "flightdate": "2016-07-12", "flightname": "hg", "fromloc": "aa"}, "18": {"name": "hello", "toloc": "xx", "gender": "male", "age": "gh", "flightdate": "2016-07-12", "flightname": "hg", "fromloc": "aa"}, "19": {"name": "hello", "toloc": "xx", "gender": "male", "age": "gh", "flightdate": "2016-07-12", "flightname": "hg", "fromloc": "aa"}, "20": {"name": "hello", "gender": "male", "age": "gh", "flightdate": "2016-07-12", "toloc": "xx", "flightname": "hg", "fromloc": "aa"}}}