{"_default": {"1": {"Ganesha": "ganesh@gmail.com"}, "2": {"Om": "om@mail.ca"}, "3": {"abc": "abc@abc.com"}, "4": {"nm": "nm@nm.com"}, "5": {"xyz": "xyz@mail.com"}, "6": {"": ""}, "7": {"nkm": "nkm"}, "8": {"": ""}, "9": {"": ""}, "10": {"": ""}, "11": {"": ""}, "12": {"": ""}, "13": {"": ""}, "14": {"": ""}, "15": {"": ""}, "16": {"": ""}, "17": {"": ""}, "18": {"": ""}, "19": {"": ""}, "20": {"": ""}, "21": {"": ""}, "22": {"": ""}, "23": {"": ""}, "24": {"": ""}, "25": {"": ""}, "26": {"": ""}, "27": {"": ""}, "28": {"": ""}, "29": {"": ""}, "30": {"": ""}, "31": {"": ""}, "32": {"": ""}, "33": {"": ""}, "34": {"": ""}, "35": {"": ""}, "36": {"": ""}, "37": {"": ""}, "38": {"": ""}, "39": {"": ""}, "40": {"": ""}, "41": {"": ""}, "42": {"": ""}}}